-- MySQL dump 10.13  Distrib 5.5.35, for debian-linux-gnu (i686)
--
-- Host: localhost    Database: automacao
-- ------------------------------------------------------
-- Server version	5.5.35-0ubuntu0.13.10.2

/*!40101 SET @OLD_CHARACTER_SET_CLIENT=@@CHARACTER_SET_CLIENT */;
/*!40101 SET @OLD_CHARACTER_SET_RESULTS=@@CHARACTER_SET_RESULTS */;
/*!40101 SET @OLD_COLLATION_CONNECTION=@@COLLATION_CONNECTION */;
/*!40101 SET NAMES utf8 */;
/*!40103 SET @OLD_TIME_ZONE=@@TIME_ZONE */;
/*!40103 SET TIME_ZONE='+00:00' */;
/*!40014 SET @OLD_UNIQUE_CHECKS=@@UNIQUE_CHECKS, UNIQUE_CHECKS=0 */;
/*!40014 SET @OLD_FOREIGN_KEY_CHECKS=@@FOREIGN_KEY_CHECKS, FOREIGN_KEY_CHECKS=0 */;
/*!40101 SET @OLD_SQL_MODE=@@SQL_MODE, SQL_MODE='NO_AUTO_VALUE_ON_ZERO' */;
/*!40111 SET @OLD_SQL_NOTES=@@SQL_NOTES, SQL_NOTES=0 */;

--
-- Current Database: `automacao`
--

CREATE DATABASE /*!32312 IF NOT EXISTS*/ `automacao` /*!40100 DEFAULT CHARACTER SET latin1 */;

USE `automacao`;

--
-- Table structure for table `TAB_APARTAMENTO`
--

DROP TABLE IF EXISTS `TAB_APARTAMENTO`;
/*!40101 SET @saved_cs_client     = @@character_set_client */;
/*!40101 SET character_set_client = utf8 */;
CREATE TABLE `TAB_APARTAMENTO` (
  `ID_APARTAMENTO` int(11) NOT NULL AUTO_INCREMENT,
  `APA_APARTAMENTO` varchar(10) DEFAULT NULL,
  `APA_OBS` varchar(140) DEFAULT NULL,
  `APA_RAMAL` int(11) NOT NULL,
  PRIMARY KEY (`ID_APARTAMENTO`),
  UNIQUE KEY `APA_APARTAMENTO` (`APA_APARTAMENTO`)
) ENGINE=InnoDB AUTO_INCREMENT=22 DEFAULT CHARSET=latin1;
/*!40101 SET character_set_client = @saved_cs_client */;

--
-- Dumping data for table `TAB_APARTAMENTO`
--

LOCK TABLES `TAB_APARTAMENTO` WRITE;
/*!40000 ALTER TABLE `TAB_APARTAMENTO` DISABLE KEYS */;
INSERT INTO `TAB_APARTAMENTO` VALUES (3,'101','DEUS DE FOGO  , EU CREIO\n ',32331259),(5,'201',' ',0),(6,'202',' ',0),(8,'302',' ',0),(9,'401',' ',0),(11,'402',' ',0),(13,'501',' ',0),(14,'502',' ',0),(15,'601',' ',0),(16,'602',' ',0),(17,'701','LINDA VISTA',0),(19,'702','BEM BONITO , BEM BONITO ',0),(21,'1001',' TESTE',0);
/*!40000 ALTER TABLE `TAB_APARTAMENTO` ENABLE KEYS */;
UNLOCK TABLES;

--
-- Table structure for table `TAB_AREA`
--

DROP TABLE IF EXISTS `TAB_AREA`;
/*!40101 SET @saved_cs_client     = @@character_set_client */;
/*!40101 SET character_set_client = utf8 */;
CREATE TABLE `TAB_AREA` (
  `ID_AREA` int(11) NOT NULL AUTO_INCREMENT,
  `ARE_NOME` varchar(25) DEFAULT NULL,
  `ARE_OBS` varchar(255) DEFAULT NULL,
  PRIMARY KEY (`ID_AREA`)
) ENGINE=InnoDB AUTO_INCREMENT=3 DEFAULT CHARSET=latin1;
/*!40101 SET character_set_client = @saved_cs_client */;

--
-- Dumping data for table `TAB_AREA`
--

LOCK TABLES `TAB_AREA` WRITE;
/*!40000 ALTER TABLE `TAB_AREA` DISABLE KEYS */;
INSERT INTO `TAB_AREA` VALUES (1,'PISCINA',' área de lazer'),(2,'BUFFET','BOM PARA COMER');
/*!40000 ALTER TABLE `TAB_AREA` ENABLE KEYS */;
UNLOCK TABLES;

--
-- Table structure for table `TAB_CAT_VEICULO`
--

DROP TABLE IF EXISTS `TAB_CAT_VEICULO`;
/*!40101 SET @saved_cs_client     = @@character_set_client */;
/*!40101 SET character_set_client = utf8 */;
CREATE TABLE `TAB_CAT_VEICULO` (
  `ID_CAT_VEICULO` int(11) NOT NULL AUTO_INCREMENT,
  `CAT_VEICULO` varchar(45) DEFAULT NULL,
  PRIMARY KEY (`ID_CAT_VEICULO`)
) ENGINE=InnoDB AUTO_INCREMENT=9 DEFAULT CHARSET=latin1 COMMENT='latin1_swedish_ci';
/*!40101 SET character_set_client = @saved_cs_client */;

--
-- Dumping data for table `TAB_CAT_VEICULO`
--

LOCK TABLES `TAB_CAT_VEICULO` WRITE;
/*!40000 ALTER TABLE `TAB_CAT_VEICULO` DISABLE KEYS */;
INSERT INTO `TAB_CAT_VEICULO` VALUES (2,'LANCHA'),(6,'CARRO'),(7,'BICICLETA'),(8,'MONOCICLO');
/*!40000 ALTER TABLE `TAB_CAT_VEICULO` ENABLE KEYS */;
UNLOCK TABLES;

--
-- Table structure for table `TAB_CONTATO`
--

DROP TABLE IF EXISTS `TAB_CONTATO`;
/*!40101 SET @saved_cs_client     = @@character_set_client */;
/*!40101 SET character_set_client = utf8 */;
CREATE TABLE `TAB_CONTATO` (
  `ID_CONTATO` int(11) NOT NULL AUTO_INCREMENT,
  `ID_TIPO_CONTATO` int(11) NOT NULL,
  `ID_USUARIO` int(11) NOT NULL,
  `CON_END_CONTATO` varchar(45) DEFAULT NULL,
  PRIMARY KEY (`ID_CONTATO`),
  KEY `FK_CONTATO1` (`ID_USUARIO`),
  KEY `FK_TIPO_CONTATO1` (`ID_TIPO_CONTATO`),
  CONSTRAINT `FK_CONTATO1` FOREIGN KEY (`ID_USUARIO`) REFERENCES `TAB_USUARIO` (`ID_USUARIO`),
  CONSTRAINT `FK_TIPO_CONTATO1` FOREIGN KEY (`ID_TIPO_CONTATO`) REFERENCES `TAB_TIPO_CONTATO` (`ID_TIPO_CONTATO`)
) ENGINE=InnoDB AUTO_INCREMENT=4 DEFAULT CHARSET=latin1;
/*!40101 SET character_set_client = @saved_cs_client */;

--
-- Dumping data for table `TAB_CONTATO`
--

LOCK TABLES `TAB_CONTATO` WRITE;
/*!40000 ALTER TABLE `TAB_CONTATO` DISABLE KEYS */;
INSERT INTO `TAB_CONTATO` VALUES (1,2,2,'9180324620'),(2,5,3,'SKYPE@SKYPE'),(3,5,4,'SKYPE@SKYPE');
/*!40000 ALTER TABLE `TAB_CONTATO` ENABLE KEYS */;
UNLOCK TABLES;

--
-- Table structure for table `TAB_DOCUMENTO`
--

DROP TABLE IF EXISTS `TAB_DOCUMENTO`;
/*!40101 SET @saved_cs_client     = @@character_set_client */;
/*!40101 SET character_set_client = utf8 */;
CREATE TABLE `TAB_DOCUMENTO` (
  `ID_DOCUMENTO` int(11) NOT NULL AUTO_INCREMENT,
  `DOC_ARQUIVO` varchar(45) DEFAULT NULL,
  `DOC_ATA` varchar(45) DEFAULT NULL,
  `DOC_FOTO` varchar(45) DEFAULT NULL,
  `DATA_CADASTRO` timestamp NOT NULL DEFAULT CURRENT_TIMESTAMP,
  PRIMARY KEY (`ID_DOCUMENTO`)
) ENGINE=InnoDB DEFAULT CHARSET=latin1;
/*!40101 SET character_set_client = @saved_cs_client */;

--
-- Dumping data for table `TAB_DOCUMENTO`
--

LOCK TABLES `TAB_DOCUMENTO` WRITE;
/*!40000 ALTER TABLE `TAB_DOCUMENTO` DISABLE KEYS */;
/*!40000 ALTER TABLE `TAB_DOCUMENTO` ENABLE KEYS */;
UNLOCK TABLES;

--
-- Table structure for table `TAB_DOCUMENTO_USUARIO`
--

DROP TABLE IF EXISTS `TAB_DOCUMENTO_USUARIO`;
/*!40101 SET @saved_cs_client     = @@character_set_client */;
/*!40101 SET character_set_client = utf8 */;
CREATE TABLE `TAB_DOCUMENTO_USUARIO` (
  `ID_USUARIO` int(11) NOT NULL,
  `ID_DOCUMENTO` int(11) NOT NULL,
  KEY `FK_DOC_USU1` (`ID_USUARIO`),
  KEY `FK_DOC_USU2` (`ID_DOCUMENTO`),
  CONSTRAINT `FK_DOC_USU1` FOREIGN KEY (`ID_USUARIO`) REFERENCES `TAB_USUARIO` (`ID_USUARIO`),
  CONSTRAINT `FK_DOC_USU2` FOREIGN KEY (`ID_DOCUMENTO`) REFERENCES `TAB_DOCUMENTO` (`ID_DOCUMENTO`)
) ENGINE=InnoDB DEFAULT CHARSET=latin1;
/*!40101 SET character_set_client = @saved_cs_client */;

--
-- Dumping data for table `TAB_DOCUMENTO_USUARIO`
--

LOCK TABLES `TAB_DOCUMENTO_USUARIO` WRITE;
/*!40000 ALTER TABLE `TAB_DOCUMENTO_USUARIO` DISABLE KEYS */;
/*!40000 ALTER TABLE `TAB_DOCUMENTO_USUARIO` ENABLE KEYS */;
UNLOCK TABLES;

--
-- Table structure for table `TAB_FAMILIA_USUARIO`
--

DROP TABLE IF EXISTS `TAB_FAMILIA_USUARIO`;
/*!40101 SET @saved_cs_client     = @@character_set_client */;
/*!40101 SET character_set_client = utf8 */;
CREATE TABLE `TAB_FAMILIA_USUARIO` (
  `ID_FAMILIA` int(11) NOT NULL AUTO_INCREMENT,
  `FAM_NOME` varchar(20) DEFAULT NULL,
  `FAM_SOBRENOME` varchar(45) DEFAULT NULL,
  `ID_USUARIO` int(11) NOT NULL,
  PRIMARY KEY (`ID_FAMILIA`),
  KEY `FK_FAMILIA1` (`ID_USUARIO`),
  CONSTRAINT `FK_FAMILIA1` FOREIGN KEY (`ID_USUARIO`) REFERENCES `TAB_USUARIO` (`ID_USUARIO`)
) ENGINE=InnoDB DEFAULT CHARSET=latin1;
/*!40101 SET character_set_client = @saved_cs_client */;

--
-- Dumping data for table `TAB_FAMILIA_USUARIO`
--

LOCK TABLES `TAB_FAMILIA_USUARIO` WRITE;
/*!40000 ALTER TABLE `TAB_FAMILIA_USUARIO` DISABLE KEYS */;
/*!40000 ALTER TABLE `TAB_FAMILIA_USUARIO` ENABLE KEYS */;
UNLOCK TABLES;

--
-- Table structure for table `TAB_FUNCIONARIO`
--

DROP TABLE IF EXISTS `TAB_FUNCIONARIO`;
/*!40101 SET @saved_cs_client     = @@character_set_client */;
/*!40101 SET character_set_client = utf8 */;
CREATE TABLE `TAB_FUNCIONARIO` (
  `ID_FUNCIONARIO` int(11) NOT NULL AUTO_INCREMENT,
  `FUN_NOME` varchar(20) DEFAULT NULL,
  `FUN_SOBRENOME` varchar(45) DEFAULT NULL,
  `FUN_CNPJCPF` varchar(20) DEFAULT NULL,
  `FUN_RG` varchar(12) DEFAULT NULL,
  `ID_PROFISSAO` int(11) NOT NULL,
  `ID_USUARIO` int(11) NOT NULL,
  PRIMARY KEY (`ID_FUNCIONARIO`),
  KEY `FK_PROFISSAO1` (`ID_PROFISSAO`),
  KEY `FK_USUARIO1` (`ID_USUARIO`),
  CONSTRAINT `FK_PROFISSAO1` FOREIGN KEY (`ID_PROFISSAO`) REFERENCES `TAB_PROFISSAO` (`ID_PROFISSAO`),
  CONSTRAINT `FK_USUARIO1` FOREIGN KEY (`ID_USUARIO`) REFERENCES `TAB_USUARIO` (`ID_USUARIO`)
) ENGINE=InnoDB DEFAULT CHARSET=latin1;
/*!40101 SET character_set_client = @saved_cs_client */;

--
-- Dumping data for table `TAB_FUNCIONARIO`
--

LOCK TABLES `TAB_FUNCIONARIO` WRITE;
/*!40000 ALTER TABLE `TAB_FUNCIONARIO` DISABLE KEYS */;
/*!40000 ALTER TABLE `TAB_FUNCIONARIO` ENABLE KEYS */;
UNLOCK TABLES;

--
-- Table structure for table `TAB_GARAGEM`
--

DROP TABLE IF EXISTS `TAB_GARAGEM`;
/*!40101 SET @saved_cs_client     = @@character_set_client */;
/*!40101 SET character_set_client = utf8 */;
CREATE TABLE `TAB_GARAGEM` (
  `ID_GARAGEM` int(11) NOT NULL AUTO_INCREMENT,
  `GAR_VAGA` varchar(12) DEFAULT NULL,
  `ID_APARTAMENTO` int(11) NOT NULL,
  `GAR_OBS` varchar(255) DEFAULT NULL,
  `GAR_DATA_CADASTRO` timestamp NOT NULL DEFAULT CURRENT_TIMESTAMP,
  `ATIVO` tinyint(4) NOT NULL DEFAULT '1',
  PRIMARY KEY (`ID_GARAGEM`),
  KEY `FK_GAR1` (`ID_APARTAMENTO`),
  CONSTRAINT `FK_GAR1` FOREIGN KEY (`ID_APARTAMENTO`) REFERENCES `TAB_APARTAMENTO` (`ID_APARTAMENTO`)
) ENGINE=InnoDB AUTO_INCREMENT=7 DEFAULT CHARSET=latin1;
/*!40101 SET character_set_client = @saved_cs_client */;

--
-- Dumping data for table `TAB_GARAGEM`
--

LOCK TABLES `TAB_GARAGEM` WRITE;
/*!40000 ALTER TABLE `TAB_GARAGEM` DISABLE KEYS */;
INSERT INTO `TAB_GARAGEM` VALUES (4,'101-B',5,' PROBLEMA NO POST   ','2014-07-27 05:02:47',1),(6,'302-A',11,'  PROBLEMA NA AGUA    ','2014-07-27 14:26:35',1);
/*!40000 ALTER TABLE `TAB_GARAGEM` ENABLE KEYS */;
UNLOCK TABLES;

--
-- Table structure for table `TAB_PARENTESCO`
--

DROP TABLE IF EXISTS `TAB_PARENTESCO`;
/*!40101 SET @saved_cs_client     = @@character_set_client */;
/*!40101 SET character_set_client = utf8 */;
CREATE TABLE `TAB_PARENTESCO` (
  `ID_PARENTESCO` int(11) NOT NULL AUTO_INCREMENT,
  `PAR_DESCRICAO` varchar(25) DEFAULT NULL,
  `ID_FAMILIA` int(11) NOT NULL,
  PRIMARY KEY (`ID_PARENTESCO`),
  KEY `FK_PAREN1` (`ID_FAMILIA`),
  CONSTRAINT `FK_PAREN1` FOREIGN KEY (`ID_FAMILIA`) REFERENCES `TAB_FAMILIA_USUARIO` (`ID_FAMILIA`)
) ENGINE=InnoDB DEFAULT CHARSET=latin1;
/*!40101 SET character_set_client = @saved_cs_client */;

--
-- Dumping data for table `TAB_PARENTESCO`
--

LOCK TABLES `TAB_PARENTESCO` WRITE;
/*!40000 ALTER TABLE `TAB_PARENTESCO` DISABLE KEYS */;
/*!40000 ALTER TABLE `TAB_PARENTESCO` ENABLE KEYS */;
UNLOCK TABLES;

--
-- Table structure for table `TAB_PROFISSAO`
--

DROP TABLE IF EXISTS `TAB_PROFISSAO`;
/*!40101 SET @saved_cs_client     = @@character_set_client */;
/*!40101 SET character_set_client = utf8 */;
CREATE TABLE `TAB_PROFISSAO` (
  `ID_PROFISSAO` int(11) NOT NULL AUTO_INCREMENT,
  `PRO_PROFISSAO` varchar(30) DEFAULT NULL,
  `PRO_OBS` varchar(255) DEFAULT NULL,
  `PRO_DATA_CADASTRO` timestamp NOT NULL DEFAULT CURRENT_TIMESTAMP,
  PRIMARY KEY (`ID_PROFISSAO`)
) ENGINE=InnoDB AUTO_INCREMENT=5 DEFAULT CHARSET=latin1;
/*!40101 SET character_set_client = @saved_cs_client */;

--
-- Dumping data for table `TAB_PROFISSAO`
--

LOCK TABLES `TAB_PROFISSAO` WRITE;
/*!40000 ALTER TABLE `TAB_PROFISSAO` DISABLE KEYS */;
INSERT INTO `TAB_PROFISSAO` VALUES (1,'PEDREIRO','TESTE','2014-07-28 16:46:28'),(3,'ELETRECISTA','TRABALHA COM FIO','2014-07-28 16:51:47'),(4,'PROGRAMADOR','TRABALHA COM BIT','2014-07-28 16:52:13');
/*!40000 ALTER TABLE `TAB_PROFISSAO` ENABLE KEYS */;
UNLOCK TABLES;

--
-- Table structure for table `TAB_RESERVA`
--

DROP TABLE IF EXISTS `TAB_RESERVA`;
/*!40101 SET @saved_cs_client     = @@character_set_client */;
/*!40101 SET character_set_client = utf8 */;
CREATE TABLE `TAB_RESERVA` (
  `ID_RESERVA` int(11) NOT NULL AUTO_INCREMENT,
  `ID_AREA` int(11) NOT NULL,
  `ID_USUARIO` int(11) NOT NULL,
  `RES_DATA_RESERVA` date DEFAULT NULL,
  `RES_HORA_RESERVA` time DEFAULT NULL,
  `RES_HORA_CADASTRO` timestamp NOT NULL DEFAULT CURRENT_TIMESTAMP,
  PRIMARY KEY (`ID_RESERVA`),
  KEY `FK_RES1` (`ID_AREA`),
  KEY `FK_RES2` (`ID_USUARIO`),
  CONSTRAINT `FK_RES1` FOREIGN KEY (`ID_AREA`) REFERENCES `TAB_AREA` (`ID_AREA`),
  CONSTRAINT `FK_RES2` FOREIGN KEY (`ID_USUARIO`) REFERENCES `TAB_USUARIO` (`ID_USUARIO`)
) ENGINE=InnoDB DEFAULT CHARSET=latin1;
/*!40101 SET character_set_client = @saved_cs_client */;

--
-- Dumping data for table `TAB_RESERVA`
--

LOCK TABLES `TAB_RESERVA` WRITE;
/*!40000 ALTER TABLE `TAB_RESERVA` DISABLE KEYS */;
/*!40000 ALTER TABLE `TAB_RESERVA` ENABLE KEYS */;
UNLOCK TABLES;

--
-- Table structure for table `TAB_TIPO_CONTATO`
--

DROP TABLE IF EXISTS `TAB_TIPO_CONTATO`;
/*!40101 SET @saved_cs_client     = @@character_set_client */;
/*!40101 SET character_set_client = utf8 */;
CREATE TABLE `TAB_TIPO_CONTATO` (
  `ID_TIPO_CONTATO` int(11) NOT NULL AUTO_INCREMENT,
  `CON_CATEGORIA` varchar(25) DEFAULT NULL,
  PRIMARY KEY (`ID_TIPO_CONTATO`)
) ENGINE=InnoDB AUTO_INCREMENT=8 DEFAULT CHARSET=latin1;
/*!40101 SET character_set_client = @saved_cs_client */;

--
-- Dumping data for table `TAB_TIPO_CONTATO`
--

LOCK TABLES `TAB_TIPO_CONTATO` WRITE;
/*!40000 ALTER TABLE `TAB_TIPO_CONTATO` DISABLE KEYS */;
INSERT INTO `TAB_TIPO_CONTATO` VALUES (1,'TELEFONE RESIDENCIA'),(2,'TELEFONE CELULAR'),(3,'TELEFONE TRABALHO'),(4,'WHATAPPS'),(5,'SKYPE'),(6,'EMAIL'),(7,'FACEBOOK');
/*!40000 ALTER TABLE `TAB_TIPO_CONTATO` ENABLE KEYS */;
UNLOCK TABLES;

--
-- Table structure for table `TAB_USUARIO`
--

DROP TABLE IF EXISTS `TAB_USUARIO`;
/*!40101 SET @saved_cs_client     = @@character_set_client */;
/*!40101 SET character_set_client = utf8 */;
CREATE TABLE `TAB_USUARIO` (
  `ID_USUARIO` int(11) NOT NULL AUTO_INCREMENT,
  `USU_NOME` varchar(20) DEFAULT NULL,
  `USU_SOBRENOME` varchar(45) DEFAULT NULL,
  `USU_LOGIN` varchar(10) DEFAULT NULL,
  `USU_SENHA` varchar(45) DEFAULT NULL,
  `USU_FOTO` varchar(45) DEFAULT NULL,
  `USU_SEXO` enum('F','M') DEFAULT NULL,
  `USU_PERMISSAO` enum('A','M') DEFAULT NULL,
  `USU_ATIVO` tinyint(4) DEFAULT NULL,
  `ID_APARTAMENTO` int(11) NOT NULL,
  `DATA_CADASTRO` timestamp NOT NULL DEFAULT CURRENT_TIMESTAMP,
  PRIMARY KEY (`ID_USUARIO`),
  KEY `FK_APT1` (`ID_APARTAMENTO`)
) ENGINE=InnoDB AUTO_INCREMENT=8 DEFAULT CHARSET=latin1;
/*!40101 SET character_set_client = @saved_cs_client */;

--
-- Dumping data for table `TAB_USUARIO`
--

LOCK TABLES `TAB_USUARIO` WRITE;
/*!40000 ALTER TABLE `TAB_USUARIO` DISABLE KEYS */;
INSERT INTO `TAB_USUARIO` VALUES (2,'DANIEL','ALVES RIBEIRINHO MELO','DAN','da39a3ee5e6b4b0d3255bfef95601890afd80709','avatar.png','M','A',1,3,'0000-00-00 00:00:00'),(3,'NATY','DE SOUSA MELO','NATY','123','AVATAR.PNG','F','A',1,4,'0000-00-00 00:00:00'),(4,'KAYLANE','DE SOUSA MELO','KAY123','123','AVATAR.PNG','F','A',1,5,'0000-00-00 00:00:00'),(6,'MARCOS','DE SOUSA MELO','MAC123','123','AVATAR.PNG','M','A',1,6,'0000-00-00 00:00:00'),(7,'M. CLARA','DE SOUSA MELO','CLARA','123','AVATAR.PNG','F','M',1,7,'2014-07-26 15:24:05');
/*!40000 ALTER TABLE `TAB_USUARIO` ENABLE KEYS */;
UNLOCK TABLES;

--
-- Table structure for table `TAB_VEICULO`
--

DROP TABLE IF EXISTS `TAB_VEICULO`;
/*!40101 SET @saved_cs_client     = @@character_set_client */;
/*!40101 SET character_set_client = utf8 */;
CREATE TABLE `TAB_VEICULO` (
  `ID_VEICULO` int(11) NOT NULL AUTO_INCREMENT,
  `VEI_MARCA` varchar(20) DEFAULT NULL,
  `VEI_NUM_IDENT` varchar(25) DEFAULT NULL,
  `VEI_COR` varchar(20) DEFAULT NULL,
  `ID_CAT_VEICULO` int(11) NOT NULL,
  `ID_USUARIO` int(11) NOT NULL,
  PRIMARY KEY (`ID_VEICULO`),
  KEY `FK_USUARIO_VEI2` (`ID_USUARIO`),
  KEY `FK_CAT_VEICULO1` (`ID_CAT_VEICULO`),
  CONSTRAINT `FK_CAT_VEICULO1` FOREIGN KEY (`ID_CAT_VEICULO`) REFERENCES `TAB_CAT_VEICULO` (`ID_CAT_VEICULO`),
  CONSTRAINT `FK_USUARIO_VEI2` FOREIGN KEY (`ID_USUARIO`) REFERENCES `TAB_USUARIO` (`ID_USUARIO`)
) ENGINE=InnoDB DEFAULT CHARSET=latin1;
/*!40101 SET character_set_client = @saved_cs_client */;

--
-- Dumping data for table `TAB_VEICULO`
--

LOCK TABLES `TAB_VEICULO` WRITE;
/*!40000 ALTER TABLE `TAB_VEICULO` DISABLE KEYS */;
/*!40000 ALTER TABLE `TAB_VEICULO` ENABLE KEYS */;
UNLOCK TABLES;

--
-- Table structure for table `ci_sessions`
--

DROP TABLE IF EXISTS `ci_sessions`;
/*!40101 SET @saved_cs_client     = @@character_set_client */;
/*!40101 SET character_set_client = utf8 */;
CREATE TABLE `ci_sessions` (
  `session_id` varchar(40) NOT NULL DEFAULT '0',
  `ip_address` varchar(45) NOT NULL DEFAULT '0',
  `user_agent` varchar(120) NOT NULL,
  `last_activity` int(10) unsigned NOT NULL DEFAULT '0',
  `user_data` text NOT NULL,
  PRIMARY KEY (`session_id`),
  KEY `last_activity_idx` (`last_activity`)
) ENGINE=InnoDB DEFAULT CHARSET=latin1;
/*!40101 SET character_set_client = @saved_cs_client */;

--
-- Dumping data for table `ci_sessions`
--

LOCK TABLES `ci_sessions` WRITE;
/*!40000 ALTER TABLE `ci_sessions` DISABLE KEYS */;
INSERT INTO `ci_sessions` VALUES ('68014436c5964671fa73245bc495ca8a','127.0.0.1','Mozilla/5.0 (X11; Ubuntu; Linux i686; rv:28.0) Gecko/20100101 Firefox/28.0',1406573958,'a:5:{s:9:\"user_data\";s:0:\"\";s:7:\"id_user\";s:1:\"2\";s:5:\"login\";s:6:\"DANIEL\";s:6:\"logado\";b:1;s:4:\"foto\";s:10:\"avatar.png\";}');
/*!40000 ALTER TABLE `ci_sessions` ENABLE KEYS */;
UNLOCK TABLES;
/*!40103 SET TIME_ZONE=@OLD_TIME_ZONE */;

/*!40101 SET SQL_MODE=@OLD_SQL_MODE */;
/*!40014 SET FOREIGN_KEY_CHECKS=@OLD_FOREIGN_KEY_CHECKS */;
/*!40014 SET UNIQUE_CHECKS=@OLD_UNIQUE_CHECKS */;
/*!40101 SET CHARACTER_SET_CLIENT=@OLD_CHARACTER_SET_CLIENT */;
/*!40101 SET CHARACTER_SET_RESULTS=@OLD_CHARACTER_SET_RESULTS */;
/*!40101 SET COLLATION_CONNECTION=@OLD_COLLATION_CONNECTION */;
/*!40111 SET SQL_NOTES=@OLD_SQL_NOTES */;

-- Dump completed on 2014-07-28 16:10:30
